[
  { "code": "175566", "name": "敦北店", "address": "台北市松山區敦化北路122號1樓", "city": "台北市", "district": "松山區", "phone": "02-2712-3408" },
  { "code": "175568", "name": "松仁店", "address": "台北市信義區松仁路123號1樓", "city": "台北市", "district": "信義區", "phone": "02-2722-3488" },
  { "code": "175569", "name": "信義店", "address": "台北市信義區信義路五段7號B1", "city": "台北市", "district": "信義區", "phone": "02-2723-4567" },
  { "code": "175570", "name": "南京店", "address": "台北市松山區南京東路三段303號1樓", "city": "台北市", "district": "松山區", "phone": "02-2718-5678" },
  { "code": "175571", "name": "復興店", "address": "台北市大安區復興南路一段137號1樓", "city": "台北市", "district": "大安區", "phone": "02-2771-2345" },
  { "code": "175572", "name": "忠孝店", "address": "台北市大安區忠孝東路四段216巷19弄10號1樓", "city": "台北市", "district": "大安區", "phone": "02-2772-3456" },
  { "code": "175573", "name": "建國店", "address": "台北市中山區建國北路一段88號1樓", "city": "台北市", "district": "中山區", "phone": "02-2501-4567" },
  { "code": "175574", "name": "民權店", "address": "台北市中山區民權東路三段60號1樓", "city": "台北市", "district": "中山區", "phone": "02-2502-5678" },
  { "code": "175575", "name": "中正店", "address": "台北市中正區重慶南路一段57號1樓", "city": "台北市", "district": "中正區", "phone": "02-2311-6789" },
  { "code": "175576", "name": "西門店", "address": "台北市萬華區西門町漢中街50號1樓", "city": "台北市", "district": "萬華區", "phone": "02-2312-7890" },
  { "code": "175577", "name": "板橋店", "address": "新北市板橋區文化路一段188巷36號1樓", "city": "新北市", "district": "板橋區", "phone": "02-2967-8901" },
  { "code": "175578", "name": "新店店", "address": "新北市新店區中正路120號1樓", "city": "新北市", "district": "新店區", "phone": "02-2911-9012" },
  { "code": "175579", "name": "中和店", "address": "新北市中和區中山路二段348號1樓", "city": "新北市", "district": "中和區", "phone": "02-2245-0123" },
  { "code": "175580", "name": "永和店", "address": "新北市永和區永和路二段116號1樓", "city": "新北市", "district": "永和區", "phone": "02-2929-1234" },
  { "code": "175581", "name": "三重店", "address": "新北市三重區重新路三段142號1樓", "city": "新北市", "district": "三重區", "phone": "02-2978-2345" },
  { "code": "175582", "name": "新莊店", "address": "新北市新莊區中正路510號1樓", "city": "新北市", "district": "新莊區", "phone": "02-2902-3456" },
  { "code": "175583", "name": "土城店", "address": "新北市土城區中央路三段128號1樓", "city": "新北市", "district": "土城區", "phone": "02-2265-4567" },
  { "code": "175584", "name": "桃園店", "address": "桃園市桃園區中正路100號1樓", "city": "桃園市", "district": "桃園區", "phone": "03-3322-5678" },
  { "code": "175585", "name": "中壢店", "address": "桃園市中壢區中央西路一段120號1樓", "city": "桃園市", "district": "中壢區", "phone": "03-4225-6789" },
  { "code": "175586", "name": "平鎮店", "address": "桃園市平鎮區中豐路一段230號1樓", "city": "桃園市", "district": "平鎮區", "phone": "03-4586-7890" },
  { "code": "175587", "name": "八德店", "address": "桃園市八德區廣福路218號1樓", "city": "桃園市", "district": "八德區", "phone": "03-3654-8901" },
  { "code": "175588", "name": "新竹店", "address": "新竹市東區光復路二段101號1樓", "city": "新竹市", "district": "東區", "phone": "03-5712-9012" },
  { "code": "175589", "name": "竹北店", "address": "新竹縣竹北市光明六路東一段256號1樓", "city": "新竹縣", "district": "竹北市", "phone": "03-6587-0123" },
  { "code": "175590", "name": "台中店", "address": "台中市西區台灣大道二段459號1樓", "city": "台中市", "district": "西區", "phone": "04-2326-1234" },
  { "code": "175591", "name": "中港店", "address": "台中市西屯區台灣大道三段301號1樓", "city": "台中市", "district": "西屯區", "phone": "04-2358-2345" },
  { "code": "175592", "name": "北屯店", "address": "台中市北屯區文心路四段765號1樓", "city": "台中市", "district": "北屯區", "phone": "04-2245-3456" },
  { "code": "175593", "name": "南屯店", "address": "台中市南屯區文心路一段357號1樓", "city": "台中市", "district": "南屯區", "phone": "04-2389-4567" },
  { "code": "175594", "name": "豐原店", "address": "台中市豐原區中正路258號1樓", "city": "台中市", "district": "豐原區", "phone": "04-2526-5678" },
  { "code": "175595", "name": "彰化店", "address": "彰化縣彰化市中正路二段461號1樓", "city": "彰化縣", "district": "彰化市", "phone": "04-7225-6789" },
  { "code": "175596", "name": "員林店", "address": "彰化縣員林市中山路二段45號1樓", "city": "彰化縣", "district": "員林市", "phone": "04-8336-7890" },
  { "code": "175597", "name": "雲林店", "address": "雲林縣斗六市雲林路二段219號1樓", "city": "雲林縣", "district": "斗六市", "phone": "05-5347-8901" },
  { "code": "175598", "name": "嘉義店", "address": "嘉義市東區民族路268號1樓", "city": "嘉義市", "district": "東區", "phone": "05-2268-9012" },
  { "code": "175599", "name": "台南店", "address": "台南市東區中華東路三段332號1樓", "city": "台南市", "district": "東區", "phone": "06-2345-0123" },
  { "code": "175600", "name": "永康店", "address": "台南市永康區中華路121號1樓", "city": "台南市", "district": "永康區", "phone": "06-2536-1234" },
  { "code": "175601", "name": "安平店", "address": "台南市安平區建平路123號1樓", "city": "台南市", "district": "安平區", "phone": "06-2987-2345" },
  { "code": "175602", "name": "高雄店", "address": "高雄市前金區中正四路211號1樓", "city": "高雄市", "district": "前金區", "phone": "07-2158-3456" },
  { "code": "175603", "name": "三多店", "address": "高雄市苓雅區三多一路167號1樓", "city": "高雄市", "district": "苓雅區", "phone": "07-3349-4567" },
  { "code": "175604", "name": "左營店", "address": "高雄市左營區博愛二路777號1樓", "city": "高雄市", "district": "左營區", "phone": "07-3450-5678" },
  { "code": "175605", "name": "鳳山店", "address": "高雄市鳳山區中山路120號1樓", "city": "高雄市", "district": "鳳山區", "phone": "07-7451-6789" },
  { "code": "175606", "name": "屏東店", "address": "屏東縣屏東市自由路506號1樓", "city": "屏東縣", "district": "屏東市", "phone": "08-7325-7890" },
  { "code": "175607", "name": "宜蘭店", "address": "宜蘭縣宜蘭市中山路三段113號1樓", "city": "宜蘭縣", "district": "宜蘭市", "phone": "03-9326-8901" },
  { "code": "175608", "name": "羅東店", "address": "宜蘭縣羅東鎮中正路48號1樓", "city": "宜蘭縣", "district": "羅東鎮", "phone": "03-9547-9012" },
  { "code": "175609", "name": "花蓮店", "address": "花蓮縣花蓮市中正路580號1樓", "city": "花蓮縣", "district": "花蓮市", "phone": "03-8328-0123" },
  { "code": "175610", "name": "基隆店", "address": "基隆市仁愛區愛一路35號1樓", "city": "基隆市", "district": "仁愛區", "phone": "02-2429-1234" },
  { "code": "175611", "name": "羅東二店", "address": "宜蘭縣羅東鎮公正路189號1樓", "city": "宜蘭縣", "district": "羅東鎮", "phone": "03-9550-2345" },
  { "code": "175612", "name": "礁溪店", "address": "宜蘭縣礁溪鄉礁溪路五段11號1樓", "city": "宜蘭縣", "district": "礁溪鄉", "phone": "03-9873-3456" },
  { "code": "175613", "name": "頭城店", "address": "宜蘭縣頭城鎮開蘭路98號1樓", "city": "宜蘭縣", "district": "頭城鎮", "phone": "03-9774-4567" },
  { "code": "175614", "name": "蘇澳店", "address": "宜蘭縣蘇澳鎮中山路一段369號1樓", "city": "宜蘭縣", "district": "蘇澳鎮", "phone": "03-9965-5678" },
  { "code": "175615", "name": "員山店", "address": "宜蘭縣員山鄉員山路一段288號1樓", "city": "宜蘭縣", "district": "員山鄉", "phone": "03-9236-6789" },
  { "code": "175616", "name": "壯圍店", "address": "宜蘭縣壯圍鄉壯五路298號1樓", "city": "宜蘭縣", "district": "壯圍鄉", "phone": "03-9387-7890" },
  { "code": "175617", "name": "五結店", "address": "宜蘭縣五結鄉五結路三段458號1樓", "city": "宜蘭縣", "district": "五結鄉", "phone": "03-9508-8901" },
  { "code": "175618", "name": "冬山店", "address": "宜蘭縣冬山鄉冬山路二段398號1樓", "city": "宜蘭縣", "district": "冬山鄉", "phone": "03-9599-9012" },
  { "code": "175619", "name": "三星店", "address": "宜蘭縣三星鄉三星路五段168號1樓", "city": "宜蘭縣", "district": "三星鄉", "phone": "03-9890-0123" },
  { "code": "175620", "name": "大同店", "address": "宜蘭縣大同鄉泰雅路一段288號1樓", "city": "宜蘭縣", "district": "大同鄉", "phone": "03-9801-1234" },
  { "code": "175621", "name": "南澳店", "address": "宜蘭縣南澳鄉蘇花路三段588號1樓", "city": "宜蘭縣", "district": "南澳鄉", "phone": "03-9982-2345" },
  { "code": "175622", "name": "新城店", "address": "花蓮縣新城鄉北埔路188號1樓", "city": "花蓮縣", "district": "新城鄉", "phone": "03-8263-3456" },
  { "code": "175623", "name": "太魯閣店", "address": "花蓮縣秀林鄉富世村富世291號1樓", "city": "花蓮縣", "district": "秀林鄉", "phone": "03-8614-4567" },
  { "code": "175624", "name": "壽豐店", "address": "花蓮縣壽豐鄉壽豐路一段268號1樓", "city": "花蓮縣", "district": "壽豐鄉", "phone": "03-8655-5678" },
  { "code": "175625", "name": "鳳林店", "address": "花蓮縣鳳林鎮中正路二段398號1樓", "city": "花蓮縣", "district": "鳳林鎮", "phone": "03-8766-6789" },
  { "code": "175626", "name": "光復店", "address": "花蓮縣光復鄉中正路一段588號1樓", "city": "花蓮縣", "district": "光復鄉", "phone": "03-8707-7890" },
  { "code": "175627", "name": "豐濱店", "address": "花蓮縣豐濱鄉豐濱村豐濱路二段98號1樓", "city": "花蓮縣", "district": "豐濱鄉", "phone": "03-8798-8901" },
  { "code": "175628", "name": "瑞穗店", "address": "花蓮縣瑞穗鄉中正南路一段298號1樓", "city": "花蓮縣", "district": "瑞穗鄉", "phone": "03-8879-9012" },
  { "code": "175629", "name": "玉里店", "address": "花蓮縣玉里鎮中正路一段458號1樓", "city": "花蓮縣", "district": "玉里鎮", "phone": "03-8880-0123" },
  { "code": "175630", "name": "富里店", "address": "花蓮縣富里鄉中山路218號1樓", "city": "花蓮縣", "district": "富里鄉", "phone": "03-8831-1234" },
  { "code": "175631", "name": "卓溪店", "address": "花蓮縣卓溪鄉卓溪村中正路168號1樓", "city": "花蓮縣", "district": "卓溪鄉", "phone": "03-8842-2345" },
  { "code": "175632", "name": "萬榮店", "address": "花蓮縣萬榮鄉萬榮村中正路98號1樓", "city": "花蓮縣", "district": "萬榮鄉", "phone": "03-8753-3456" }
]

